steps,training_time
6621,4956.128
8997,7324.7856
337,246.73741
3605,488.12292
347,250.87564
191,125.557175
10485,45829.63
252,170.12599
214,161.89905
2808,385.8715
9054,7395.5967
239,172.3799
5738,4178.3228
7417,5197.501
146,19.261759
162,22.006487
10412,7290.2944
123,19.760302
8276,5806.3584
7605,5230.5903
167,25.611248
346,1311.309
240,157.62242
6944,5247.2153
179,126.081825
187,138.09372
268,1049.9954
240,175.8743
184,140.21043
8295,6453.5415
228,159.14714
316,1185.1493
5066,717.16016
176,25.522127
390,1662.0814
6406,4415.074
3349,459.56122
6970,4849.672
3049,425.23148
156,20.940474
313,1247.9999
5194,752.1593
287,1210.9602
5019,4021.9604
6414,5142.4365
313,236.04045
5110,751.0823
293,201.65477
171,120.41283
8759,37004.44
275,192.04105
177,133.87077
3830,532.0423
6007,4750.404
276,204.87534
7386,5953.877
8907,36255.69
5879,4146.7373
97,14.10692
201,30.487541
9302,7008.3574
110,17.128601
6707,4844.526
7555,5739.183
140,21.336292
351,1369.4197
293,209.69672
6736,5346.1724
233,191.04655
210,180.4556
266,1056.189
238,190.01442
165,133.63144
6401,4871.235
252,195.07938
413,1878.8152
3358,509.30115
116,15.015315
352,1547.146
6636,4922.784
4201,626.9256
7079,4969.1016
4658,676.5032
54,7.57813
316,1347.8137
5916,927.13727
357,1455.2772
4352,214.46896
155,7.809325
5642,303.59805
6078,354.56805
4829,238.53914
159,7.649407
165,7.827735
4668,263.1948
151,8.414995
102,5.081625
8109,433.35257
170,8.549236
6571,366.16434
4496,237.66376
193,10.00217
135,6.499807
4341,232.0118
123,6.128345
4843,258.79315
293,16.37242
3987,212.30423
5338,282.50803
3570,188.9398
6578,356.53973
128,6.640419
93,5.329887
144,8.162473
6375,354.6694
147,7.8589
5007,263.22742
140,7.566306
3694,204.68016
90,4.516385
160,8.063276
147,7.2879763
91,4.7809896
5107,278.86154
6967,370.4734
4680,251.23233
5702,296.78757
144,7.141065
113,6.191615
5226,288.20453
166,9.728927
4131,199.17793
174,8.5709915
7370,393.47415
97,4.880953
8710,477.78708
77,4.2142887
6106,329.27176
118,6.438546
4115,216.68344
3911,226.96277
161,7.912174
3172,173.16725
4170,207.3201
299,15.006463
132,7.269621
157,7.992184
5501,303.43964
5124,264.3003
3469,194.282
169,8.600522
2450,141.92296
4021,210.22551
6350,371.38837
5036,264.0537
153,7.768085
4028,220.38739
186,9.634545
206,10.967479
6369,316.3922
147,7.570848
4324,235.4164
5912,299.3511
8029,414.57452
4741,238.96109
233,12.439831
145,7.0848217
118,6.235981
3139,164.35646
4670,271.31232
196,10.048906
289,16.517763
6747,379.32324
6200,342.4526
4005,225.54459
121,6.205772
7706,410.34207
160,8.744193
5429,285.6043
136,7.355658
203,10.333694
6028,303.18683
9100,381.06546
3507,180.27713
113,5.7506943
229,13.638975
146,8.11684
234,13.000969
4371,226.84225
114,6.3105087
4108,216.13829
6000,315.00424
4072,198.32193
4144,209.50638
85,4.70331
4360,246.80042
5067,285.38486
128,7.132625
117,6.0921183
269,15.7287655
144,7.816225
191,9.202859
6448,343.4619
220,11.742746
171,9.803807
5830,318.8178
4587,253.38655
5559,302.10666
233,12.913311
6144,346.6314
4652,268.75815
6467,336.52
97,5.067238
110,5.984529
3167,180.72704
67,3.595937
7540,435.74606
117,6.515113
3147,154.0437
6173,331.0334
5248,276.4402
4706,242.19476
120,6.424437
142,7.253467
3517,185.11029
147,8.054635
4664,233.26797
244,12.740131
5261,282.80667
5783,310.71426
147,8.503017
99,5.142272
219,11.707727
3439,183.61906
4921,274.56952
5885,350.16428
219,11.9769745
4330,222.79431
7183,400.50208
4589,247.02187
196,10.825806
4614,251.91086
5207,294.92435
258,14.006175
118,6.520112
6580,362.95956
95,4.5674896
4246,211.2224
5855,330.96298
149,7.467742
233,12.053422
6441,363.5734
73,3.724454
131,7.2055616
5199,277.43268
5136,306.67206
3596,190.34842
6774,363.8211
156,8.691622
167,8.735526
4916,261.0104
119,6.3296547
138,8.164256
109,5.986095
2917,168.58704
102,5.189322
150,7.430945
120,6.236633
141,7.405656
7048,416.3965
125,6.418991
135,7.305171
199,10.903158
6219,324.6515
126,5.573709
273,15.723022
130,6.6080837
5314,289.1545
119,6.3852463
3971,212.0875
267,14.453423
3445,178.15787
130,7.392557
176,9.8334465
3541,176.13545
161,8.623901
6724,382.90112
142,8.282537
105,5.455662
309,17.223534
7091,389.99823
158,7.918684
6632,365.05807
206,10.814214
4407,245.03195
4784,265.5035
133,7.600562
6896,366.08383
228,13.034623
180,9.552245
3749,204.30052
175,9.262986
108,5.631009
5605,296.0625
3382,184.05232
112,5.860661
159,8.123402
5748,291.67545
171,8.670717
118,6.158984
172,9.401358
2347,130.34654
7028,403.28116
4989,274.98175
198,10.116242
2921,156.40416
178,9.418424
203,10.615934
5161,276.07758
118,6.501801
6497,388.2677
113,6.4169188
4111,226.45074
71,4.0075684
148,8.22923
113,5.817733
5491,287.86148
6374,347.89273
3953,202.08627
125,6.4353437
7322,445.78235
7428,409.1554
168,9.03194
127,6.935066
201,9.988578
128,6.775962
110,5.921254
3969,201.8083
132,6.806027
4296,234.2708
90,4.286152
4808,258.50977
3172,177.43575
113,5.77934
7084,350.29742
124,6.3589544
155,8.7023735
9031,526.65173
114,6.651108
114,6.155769
154,9.3291855
6831,373.41013
134,7.6323633
206,11.016014
5974,328.80902
112,6.6675234
4140,222.36398
146,7.6407633
2732,148.05736
175,8.842759
4831,257.3435
206,11.581887
159,8.116662
4025,223.5739
155,7.588957
150,7.951269
220,10.845659
195,9.883515
5118,289.12204
5187,277.22253
4477,229.98985
5048,278.01038
174,9.220591
160,8.678255
154,8.881355
5440,272.72568
188,9.100695
188,9.914965
183,9.893603
5642,318.37875
169,10.082228
5127,298.68182
141,6.840026
193,9.495895
154,7.980226
6751,380.93967
4851,255.83513
3223,162.58102
130,6.635181
223,13.369048
116,6.362339
4139,203.25998
94,4.529323
4599,250.29626
132,6.8471537
134,6.289877
5259,290.47464
116,6.415534
112,6.253603
98,5.058029
105,5.599511
133,7.0898447
3296,171.85162
114,5.957203
157,8.368201
3533,192.18808
211,11.271144
6172,324.31616
186,10.959438
4301,233.36
133,7.6422396
194,10.098312
3311,179.79317
99,4.906064
145,8.517959
183,9.169107
5302,282.157
118,5.768152
5892,309.31952
206,11.361953
5727,316.76266
258,14.473164
5193,269.01913
173,9.903334
4907,259.339
164,8.755865
164,9.231186
5102,265.50854
119,6.277219
4625,254.9094
164,9.0326
4922,259.50525
174,9.757268
113,5.920351
130,6.294648
211,10.311262
6199,337.6757
2850,148.55473
6030,336.82407
4808,252.38239
278,14.8672085
163,7.881382
138,7.99651
126,6.584918
3912,208.13176
179,9.321198
238,12.674756
98,6.0785723
4465,248.13864
147,7.632112
168,9.230577
5245,280.36588
263,13.125214
3181,166.66095
3026,158.91716
141,7.319495
6285,329.2428
97,4.789587
159,8.704603
8267,484.67896
153,8.300967
123,6.4974537
120,6.964798
4070,209.69412
211,11.42364
4842,250.2959
169,9.06025
10817,633.1464
99,5.12411
7066,363.17783
117,6.4846096
208,10.381649
4693,240.38295
160,9.353281
130,7.48322
217,11.935617
6861,391.58685
5415,311.87158
116,6.163824
4933,275.15698
134,6.646142
3657,190.21983
185,9.974218
4945,271.6149
125,6.532696
104,5.444025
164,8.0536995
4953,276.52356
261,13.198193
130,6.9197197
7200,388.59753
5472,308.98428
2895,149.18521
4292,225.28014
4317,225.1251
4528,242.18224
184,9.382232
116,5.6561747
172,8.804967
3864,215.58273
3947,204.18817
5713,322.00336
5315,286.55438
122,6.385437
7081,411.68295
4948,269.86008
122,6.407907
95,5.023996
191,9.642495
4978,276.14008
3855,208.75989
3736,218.53377
4897,265.82413
5290,273.71204
126,6.5848064
197,10.591233
3718,188.20297
122,6.348568
174,9.718531
5468,290.5079
131,7.181057
3552,178.07448
121,6.640517
166,9.072709
4768,242.87067
202,10.543896
3819,195.33685
4193,231.95511
166,8.224883
213,11.249818
139,6.943028
4577,251.44487
177,9.700771
4763,247.22346
142,7.053007
7516,443.63867
151,8.552067
172,9.066622
4040,211.3462
189,10.325035
4966,260.6642
98,5.240944
245,12.307827
152,8.231807
4415,229.8593
4660,223.55905
239,11.8720665
95,4.681432
145,7.585093
5193,279.36322
133,6.900038
4318,213.02045
3939,210.47296
119,6.56224
3996,217.01883
196,10.272638
3611,199.37595
156,7.192856
5630,323.13162
153,7.864258
194,11.367434
3206,165.58632
156,8.452526
5972,336.80594
4171,222.10489
3801,184.09799
5365,304.42236
223,12.739769
3750,207.92363
178,9.463402
199,10.126539
4274,218.287
169,8.59244
5143,278.0665
4870,257.5013
7199,401.93484
3814,217.44925
4783,250.29527
121,6.165886
144,8.187117
145,8.210627
185,10.337491
4895,257.68216
3841,199.42007
72,4.495348
6822,295.5873
5148,285.4534
169,8.792383
147,7.497867
5029,278.53876
4190,226.57997
155,8.489637
5132,291.20697
2909,155.1432
5683,319.4797
5462,301.96295
8996,499.48874
3135,167.22108
95,4.905321
5227,283.87698
165,9.3588505
165,9.476345
155,9.3486805
3386,192.3497
93,4.923348
142,7.810679
7795,456.79944
130,6.57738
2849,158.038
126,6.8216133
7274,397.45508
5329,297.74527
120,6.41934
164,8.372597
149,7.548141
3903,205.27008
91,4.344224
166,8.57689
4567,228.90521
8183,437.5303
4548,237.60695
169,9.297754
4795,260.23914
200,11.069928
202,10.452806
5157,282.7171
172,8.7116585
4851,258.55838
257,13.868128
4995,255.58472
133,7.582943
118,6.5411
162,8.881197
4433,238.93462
187,9.599651
122,6.237275
182,9.748468
4844,258.1147
6169,380.3277
5756,319.85095
4381,245.31288
102,5.500588
146,7.698855
142,7.563056
4687,253.80518
4221,226.66304
178,9.484431
3990,221.56528
5552,286.41574
199,9.438629
114,6.2260323
204,11.146432
6237,337.1101
4236,242.7772
5954,279.66684
4807,249.64941
5647,331.70633
4309,224.7186
150,7.600972
4450,235.41968
120,6.444653
221,12.290688
4302,232.0071
5310,276.68268
5482,293.18192
139,6.961898
4399,236.26068
155,8.335089
116,6.3210163
4467,233.81992
124,6.48909
3389,194.32979
6594,365.65555
5547,299.20486
5289,291.55328
3717,200.29303
2720,144.02231
5833,313.2776
112,5.9089727
6809,413.826
145,7.9223948
174,9.405189
4569,245.57945
238,11.766832
4556,248.5094
169,8.673552
5126,283.17767
8370,471.8307
152,8.510285
3264,165.77765
162,8.500024
5302,264.16562
330,18.019283
145,8.057394
128,7.0234623
7138,388.47153
162,9.070881
4353,253.88979
131,6.903873
169,9.398532
4925,259.94196
180,9.420947
7449,383.94882
146,7.260296
6112,338.91827
80,4.7363567
4165,214.22905
194,9.034058
204,11.279845
4723,255.05301
124,6.5855503
158,8.4835
192,10.893152
6378,348.67645
143,6.8504763
146,8.234731
150,8.775716
2966,170.65189
3912,209.89658
3291,186.96387
3887,190.08368
5137,269.40637
6091,342.68088
88,4.387818
3940,202.02385
111,6.026368
137,7.3736887
7124,383.24524
203,10.142561
5355,295.6538
5078,291.0142
5310,288.63663
3911,219.24574
91,4.904179
146,7.550394
4769,264.37802
239,12.220199
4763,248.47368
5080,262.64536
5072,272.35522
3724,204.97433
4091,221.25574
190,11.010754
5608,285.5218
4423,247.0646
98,4.921577
167,8.492859
190,10.261127
3535,179.1279
4556,234.35193
129,6.5752087
5419,283.4345
5822,296.6229
220,11.421607
184,10.580004
3687,212.82019
115,6.284646
127,7.031077
121,6.5073423
5464,285.70316
2782,155.53587
76,4.242516
162,8.806725
5416,287.92947
194,10.197178
156,7.932873
5933,323.79114
210,11.829237
4173,215.01376
12021,495.5126
253,14.106356
6401,354.48517
146,7.6509447
3579,183.44078
210,12.186793
247,13.657312
109,6.194755
4509,240.47855
5779,316.6619
185,9.439938
3378,180.04987
141,6.9472933
7090,390.79834
146,7.917443
127,6.918036
3111,160.04092
200,11.092255
7555,380.78067
122,6.029689
104,5.245773
93,4.3840513
190,10.510624
7730,411.71307
86,4.7591276
101,4.6548643
268,15.169104
189,9.900211
134,6.854479
4037,212.96654
8088,443.27527
4799,266.70822
89,4.545414
5974,339.9874
130,7.1646996
208,10.518575
3189,160.26242
189,9.11898
108,5.659869
162,8.352111
5282,291.11792
165,9.577346
6503,373.0284
103,5.1474733
263,12.989486
3731,197.66084
169,9.744668
9532,558.1374
4407,237.10634
4012,205.19702
127,6.704328
5877,305.23145
109,5.887858
4073,223.81364
132,6.825165
7095,388.1106
90,5.290895
4588,241.22224
5801,325.38608
161,8.589598
216,12.107703
4527,239.71545
274,15.372055
187,10.807268
168,9.695761
5442,296.79648
131,7.1144104
107,5.850256
3984,199.27219
103,5.486159
5133,266.75436
130,6.999614
3827,220.99846
6741,359.0611
121,6.950163
125,6.623144
4741,250.1528
110,5.972414
110,6.271039
169,8.290995
118,5.870401
4425,246.01581
117,5.878381
139,8.041161
136,6.668434
4904,250.03577
5075,277.53912
4831,268.9724
6793,389.8874
141,6.932509
318,18.357994
168,8.972729
4857,258.5243
107,5.3810396
5374,298.1429
104,5.666416
138,7.5897093
182,9.02944
6595,383.5179
182,8.870857
113,5.8986397
139,7.08438
3992,199.93332
3383,172.80988
211,9.988272
238,11.963351
160,8.324736
6530,345.96744
108,6.168964
124,6.587994
4362,228.9715
3125,162.53438
136,7.024848
10408,394.69577
161,8.684128
68,3.225969
3808,201.64055
122,6.13126
100,5.532305
6222,333.9094
4495,235.051
157,8.749435
107,5.661969
4134,242.52419
197,11.152286
5464,288.5415
123,6.144799
226,12.928869
5133,245.80151
155,8.044857
6711,366.7412
269,13.761255
7848,412.52884
162,7.838364
95,4.872726
7627,449.61188
106,5.542859
4305,246.92313
182,9.995934
5246,266.34192
202,10.326457
5889,303.64957
158,8.111525
163,8.5605755
212,11.118429
3620,194.70999
177,9.542082
220,11.877092
3659,186.90529
139,7.515913
3262,165.89163
241,13.505909
4246,235.51338
114,6.092107
6552,356.24554
3885,208.93823
104,5.674059
6467,352.02673
144,6.786477
127,7.173737
109,5.870255
220,12.671619
4499,244.9434
7187,374.32205
119,6.251129
188,10.532686
224,11.992227
91,4.967325
4929,261.10272
5718,310.48044
155,7.812524
3079,157.90651
3156,179.25389
137,6.9538727
3652,196.8521
4232,222.54457
126,6.393895
5033,279.61606
98,5.6929846
6327,360.39255
73,4.070917
110,5.130007
4034,207.82689
133,7.689747
215,11.881018
105,5.2696066
4427,235.93698
151,7.390108
210,10.303502
3808,198.59909
6510,352.30365
183,9.605379
4529,227.20763
169,8.448821
4705,266.60678
108,5.050839
3692,194.01855
157,8.394099
127,6.256317
6018,311.02252
219,11.202287
295,15.898281
109,5.738456
154,8.169638
4970,244.28033
156,8.376861
144,7.06359
84,4.197392
3709,189.95421
182,9.764094
223,11.841092
126,6.320159
6222,352.73828
4063,226.96712
204,11.168211
7983,435.70898
238,12.222684
147,7.453451
142,7.844902
3399,186.50864
92,4.446965
4588,245.63435
6381,331.62714
115,5.578017
4947,273.6694
200,11.650404
203,11.42174
7879,437.8594
131,6.582453
5868,313.42435
4908,263.60773
4579,248.39471
267,14.649635
220,10.958582
117,6.290665
2843,150.44164
131,7.1668262
5383,287.42535
118,6.3573313
239,12.741482
203,10.493797
3354,187.87149
221,12.473803
176,8.773507
136,7.331465
3987,203.62256
198,11.45319
4703,273.92493
161,9.135894
176,9.21641
6236,348.247
157,8.567547
4164,215.35782
157,7.726523
1980,109.39636
222,11.672288
7104,395.32315
127,6.63523
4538,257.07544
83,5.007686
118,6.135409
183,10.257826
5354,266.91568
154,9.186741
108,5.43652
7096,387.81424
227,12.170282
105,5.859077
5098,261.3847
119,6.1622057
3895,209.08527
103,5.417418
4018,212.76479
142,6.951104
3352,181.58578
140,6.844928
106,5.623476
4713,242.23665
123,6.889761
6420,338.66617
116,6.808539
222,12.96542
4391,234.42657
138,5.990143
4662,245.55023
168,8.518339
6819,379.48132
4499,220.735
3479,180.36186
5328,281.81656
4337,231.91252
82,4.2396393
237,13.183754
115,6.254979
206,11.5645485
5655,311.69403
159,9.281543
5955,315.7061
6387,382.9004
103,5.089094
261,14.875766
151,8.033309
80,4.2984533
5607,305.14066
7786,452.85983
93,4.9302683
6663,385.10538
3518,169.65082
4760,251.7942
8045,439.61746
6481,348.39465
184,10.724845
5596,297.4132
4949,261.1816
98,4.900448
3711,195.27371
220,12.38709
2782,148.45024
154,7.8850994
2998,153.58058
159,8.678112
5110,277.09692
3834,196.21756
109,5.679828
5169,268.2454
119,5.894677
149,7.98033
7348,375.19824
5818,315.40536
6742,375.24902
195,11.190662
5970,303.65567
218,11.920558
118,5.293376
3446,191.14305
146,7.143117
4092,221.10072
148,8.0132885
6196,384.00952
178,9.781607
6830,343.2153
125,6.757389
2887,153.73991
3764,186.33047
141,7.641656
126,6.810473
267,15.543283
148,8.085747
278,14.716742
4473,241.67165
101,5.1938953
127,6.784937
4339,225.48598
5888,300.63376
3323,170.72789
186,10.7293
3805,195.66153
213,11.073626
176,10.277952
4538,236.98811
8323,443.71707
162,9.06776
219,11.310342
4830,262.57034
154,8.053099
3873,209.40567
4633,235.72075
219,12.636425
4389,230.2388
106,5.836937
160,9.461668
212,10.811775
3147,151.93968
4092,221.59679
6844,382.38422
4148,217.61275
5334,290.7781
126,6.646655
4326,224.1464
123,6.517795
159,8.849388
151,8.053848
130,7.01431
4425,235.01454
5736,287.17368
3989,214.04094
3487,176.55766
121,5.7025785
125,6.279464
5916,320.58005
120,6.319075
150,8.032708
4200,232.51973
83,4.3982773
3423,179.24832
5687,309.64114
161,8.0790825
5230,282.6609
8150,475.92584
4551,244.45485
134,7.421465
156,8.120491
3568,182.23997
120,6.100801
4445,231.81393
3897,226.16673
5442,290.75906
117,6.593163
4228,223.25456
4913,265.54156
129,6.067481
114,5.692919
158,9.313844
6609,361.7806
4953,278.77792
107,5.414105
7614,388.4647
173,9.066182
3144,159.5502
147,8.162381
186,9.627914
5274,275.5916
5005,257.99265
7030,2146.0957
5822,1639.7435
330,94.40381
3755,206.37672
180,44.476784
187,57.041004
10425,17712.74
9098,15318.304
208,58.071354
254,75.02915
3313,186.87624
7516,2372.3118
250,76.573265
8114,2527.6387
10668,18071.56
9400,15890.872
7215,2058.4707
172,9.6919155
185,10.0624695
9144,2698.4463
115,6.427007
8542,2548.6375
7438,2130.3862
195,10.358795
9740,15975.795
247,388.02148
210,53.207947
6870,2075.0874
217,64.82511
238,73.89765
301,467.5145
8649,14170.219
220,60.739082
235,68.574356
6679,2002.9833
229,61.237915
240,386.56186
6464,379.99426
138,7.838408
254,394.3746
6230,1621.7919
4277,244.30255
9496,2901.673
4897,292.22964
149,8.765429
288,465.90176
5485,324.08313
287,466.37238
778,72.60686
1253,85.04905
499,51.25769
4134,329.6376
627,42.753
855,61.219765
1132,77.07987
5360,430.74503
444,44.474182
2671,180.40453
939,93.88625
819,54.545807
189,17.968603
892,82.70114
1645,111.53408
811,78.08299
180,15.151395
583,38.16662
1493,162.45564
2643,145.86159
3857,321.30984
2642,261.03568
2605,275.41138
3026,237.52603
3014,177.728
1868,154.28441
2298,196.12036
431,30.791044
2015,212.89404
1837,201.90848
344,23.69638
1688,131.26366
4222,343.52603
1512,101.859505
840,57.53257
165,14.64988
1371,137.71613
774,74.10272
979,93.28428
1322,144.29622
133,12.994105
961,65.17091
1036,70.59251
3439,254.8559
4245,342.76004
1224,93.95359
643,72.72659
1256,124.490524
859,91.210625
623,40.682453
4418,348.25024
2473,168.07228
1854,185.34856
1574,125.055824
383,25.311224
2740,220.49304
442,31.641047
2011,169.50516
1772,186.81657
2362,236.41655
4631,270.62524
3472,302.03268
1745,137.54997
3628,285.31448
3784,204.80188
2598,266.7681
838,68.294815
672,38.0775
2575,259.62134
227,17.261202
310,17.756311
165,14.005427
541,51.939175
456,26.583998
2430,236.26782
552,43.969254
1664,134.6452
132,7.465054
226,12.595329
459,25.912823
834,73.49027
1022,85.9398
1698,155.12688
248,27.697628
1402,79.8452
4089,277.028
3914,381.17297
2709,155.74617
3591,332.91702
4100,373.87115
2704,178.10887
131,13.388197
864,50.37522
3461,247.5858
4181,314.48288
2529,148.28957
2636,235.24258
1702,97.354034
5203,1161.8007
2531,138.24599
2361,135.83232
3029,286.9989
3609,253.40804
4661,326.83176
456,23.973942
763,59.562332
1915,173.2735
265,15.191653
1215,96.08832
1108,84.80464
290,16.623299
3175,325.81476
658,53.097008
361,20.557373
362,19.96928
193,15.309003
1260,113.462036
1779,138.50905
1628,150.12515
202,15.835165
397,21.448975
1393,74.999275
2856,257.5899
2714,184.98546
2042,107.208466
3714,257.68143
3355,212.6956
2489,173.4631
3105,188.0314
2565,225.38774
5032,438.23712
160,15.793192
833,44.125282
5906,580.09796
3982,283.8064
3276,229.718
2580,171.6587
6126,595.7735
219,23.940159
1155,64.78485
3343,174.88484
2008,179.13481
3425,328.66928
2504,148.0113
2259,151.95975
1275,74.653755
2154,126.228485
373,40.299988
1824,102.18049
4077,279.5698
3302,289.72144
3733,218.4203
887,48.16518
376,41.590343
4295,393.12366
5680,404.65497
1232,67.11801
5745,407.9549
4533,433.92657
3118,188.81332
278,26.061815
532,38.88286
1487,140.46046
1641,135.21375
1124,106.05033
1246,104.91258
1591,145.39073
627,51.231026
436,33.599487
1053,58.87394
128,6.5725965
233,18.948645
1652,159.86201
2047,182.04184
678,60.28453
387,30.295057
194,11.226864
1136,62.70388
466,37.532417
1865,96.22895
1495,86.14164
544,58.971237
4423,309.98654
4682,437.31882
3949,373.24487
4579,322.9911
1288,71.441185
205,20.324759
1684,92.32091
493,49.027786
1867,118.68131
2220,211.18819
2402,132.93791
2002,104.82848
1204,64.55671
3390,310.3958
2441,136.92007
3072,214.85092
169,9.284835
625,34.13365
1015,93.873856
455,38.59635
659,51.351856
187,14.108301
1113,110.88862
499,28.513077
140,8.116756
3812,371.432
2283,204.80849
972,80.49338
1304,102.52353
340,27.78154
1765,142.53557
551,43.719425
2417,222.45357
1259,119.889145
2609,275.39154
136,8.651749
2260,197.00412
7590,345.9708
3957,332.8793
393,29.880764
2261,246.7994
2073,178.82256
3117,161.536
346,23.138405
3427,181.51917
2160,170.67944
326,31.234543
703,46.53059
1280,133.52618
405,36.56861
908,96.54933
2308,155.14516
819,82.004524
1157,123.03033
299,19.622177
563,57.672394
5407,7367.5874
2596,206.85902
1492,100.82994
3536,282.15088
728,73.77528
1246,137.8489
1089,117.61137
3991,308.88525
781,52.3965
2013,147.97952
349,28.966944
251,16.172216
3167,259.12
3375,186.95528
2449,135.5958
1918,163.76613
5373,273.82782
189,12.910937
2802,234.53267
2104,229.942
1918,196.31868
1675,138.17801
141,8.977808
1066,78.65593
670,68.75552
933,64.466
2761,221.61908
342,31.019133
3698,301.4033
896,66.14317
866,87.07598
2116,144.73315
1330,140.92014
939,93.07725
353,32.240772
547,35.34286
334,29.124773
5332,432.63126
743,70.69216
541,36.87933
291,27.75813
1321,143.06238
2034,141.97427
876,90.696785
4060,248.51193
2501,205.26973
206,14.073327
3584,266.73288
3393,191.40889
2761,305.15463
2035,158.48993
393,26.123602
3340,193.73055
181,12.280114
1804,154.99574
3007,317.58008
275,23.056948
5093,433.84085
1933,137.59894
493,49.37117
2298,143.07475
1670,173.59106
3876,284.3382
825,86.76249
772,53.860535
4385,351.60983
4306,351.6648
886,79.44256
693,48.280163
284,28.132435
1833,196.31429
779,80.185974
3951,288.60147
1852,205.23805
205,17.073647
939,74.065796
599,51.408382
2751,224.71466
289,19.126022
2153,212.01442
2730,300.742
442,29.155006
1505,119.28227
4388,242.51418
3613,199.45885
2846,228.25822
3115,260.24103
3446,220.58984
500,36.544224
2348,161.50188
590,61.776875
574,50.276863
1846,199.16539
1012,66.74191
159,14.244802
4652,394.469
203,18.412123
647,41.719227
1573,164.02872
575,53.24883
1239,132.01004
1040,120.302666
4600,384.09415
1182,85.251976
2412,161.00296
248,22.388485
1824,118.34143
875,58.98543
5184,412.05243
518,53.201244
6221,562.8523
4526,323.56607
261,26.355097
1218,65.41676
2464,144.08345
250,23.898048
824,43.408783
3511,225.73743
6755,659.1922
2811,150.73225
2117,114.49999
3056,286.67087
4107,289.90836
362,35.409733
1049,57.467888
3255,235.37953
2817,166.83269
2909,264.68997
1913,104.9307
1275,112.99495
252,19.640179
1629,159.21577
609,33.741573
2789,263.48087
504,26.70628
993,87.62505
147,11.483585
289,22.843855
541,33.844124
1155,92.581856
1359,121.44129
2064,203.77646
1692,163.71707
1949,167.2029
945,72.127686
896,72.64511
216,12.275895
1778,96.857445
3969,266.30875
2327,133.37773
2390,222.48862
3744,212.95914
3350,339.39148
2308,157.71468
2678,158.8835
235,24.819143
874,46.667313
3657,247.66064
4044,364.8776
138,14.095663
655,35.788906
349,36.019257
1228,69.02038
4522,407.84662
3312,220.24529
1389,81.39658
1822,177.34932
971,81.30294
277,14.753986
1467,140.31038
698,54.50624
290,23.111849
880,70.40803
1104,104.88833
367,19.681435
1284,103.92217
1741,154.65695
1437,135.41437
131,10.999568
532,29.488604
949,82.04388
457,28.494864
213,16.510056
1060,97.915474
1796,148.70761
2989,292.48608
293,23.659657
879,50.147682
274,21.251226
1734,161.87077
1377,109.287254
200,11.797134
947,87.53566
311,23.849215
142,8.484325
1398,79.68549
801,47.781624
397,22.975595
447,36.961075
1197,110.426865
1865,149.65186
6714,484.7325
1635,89.6126
2445,170.78862
3854,372.1158
2570,141.87897
4512,413.4481
4030,385.26883
2970,168.52252
3508,248.96558
1889,111.93678
3093,210.44759
5966,409.7155
2856,255.35703
880,49.351803
414,41.973183
4345,419.80988
2545,142.10721
1704,97.66594
305,31.123741
4682,462.31558
3101,211.55873
374,27.75084
1008,87.18809
599,32.494873
402,23.681097
1430,109.98521
188,11.006752
701,42.229504
711,68.43033
385,29.721357
1449,114.19241
360,27.521267
2676,253.96791
187,9.926604
3000,273.21283
600,44.450626
1021,86.55286
629,32.49112
3713,358.32437
2885,165.48238
3645,315.22656
3720,239.04784
2366,130.91705
290,28.095413
3207,222.70839
1376,74.023605
410,42.59671
4396,299.09143
3501,304.89896
4211,383.422
2158,122.4784
4677,490.95822
5326,323.16675
2682,196.89009
5764,400.20596
2820,191.51657
3170,288.064
2237,130.62779
1702,95.50855
401,33.095757
1139,115.70181
442,42.8795
666,44.36957
1728,115.21282
390,25.333578
264,24.324272
1095,109.39388
537,48.455463
702,70.79912
2330,159.57788
4255,350.2431
1998,141.71295
628,38.793556
1879,131.46175
3613,282.72507
1207,84.294365
756,75.56893
501,45.78923
2680,222.33086
162,10.701429
2609,218.60881
1244,120.84544
1967,198.56029
1217,92.56713
193,12.438261
2644,226.54578
3473,289.43784
8488,503.30432
1816,187.82884
5922,342.0678
2228,182.93225
1147,82.00435
5514,478.7785
1114,112.40302
2062,134.77261
584,51.09825
1334,96.210075
774,82.80114
3719,292.28314
2085,148.46408
816,55.978294
881,90.54788
474,44.52651
464,31.66886
1063,109.86289
1245,129.15416
646,42.924942
232,20.770452
346,29.27719
1992,133.3533
2691,265.98242
1935,147.30362
5483,309.99454
2127,166.49118
3229,179.05186
3559,307.92606
2344,247.85902
155,10.531958
2811,231.70285
2712,224.16531
2317,182.25568
201,13.039434
1726,174.87773
6850,2121.9377
9190,2871.849
240,64.150826
6558,346.44745
351,104.53062
182,54.87287
11848,20766.611
8754,14375.604
195,55.252903
135,35.95427
3601,191.29799
4965,1440.3654
212,55.856712
6759,1909.921
10579,17560.957
8321,13112.941
8623,2314.4739
194,11.743906
293,16.528666
7634,2085.9626
214,12.1634655
6452,1693.4294
9239,2637.1382
129,7.018958
8675,13953.443
336,530.2314
202,52.386215
10764,3492.8105
231,68.11545
232,67.149796
293,480.89014
9507,15269.09
208,59.85037
170,49.10714
6606,1967.4789
254,69.043236
349,605.2439
5902,339.55014
134,7.721828
316,492.4424
7697,2172.3982
6108,362.94977
7178,2032.2196
7097,387.43362
167,9.838292
248,396.9163
6470,366.45584
288,450.46796
