update_rule,K,N,L,attack,training_time,adversary_score
anti_hebbian,4.0,4.0,4.0,geometric,8.014853666666665,79.42708333333333
anti_hebbian,4.0,4.0,4.0,none,8.18704153434344,78.4603851010101
anti_hebbian,4.0,4.0,5.0,geometric,23.681097,67.5
anti_hebbian,4.0,4.0,5.0,none,22.975595000000002,77.5
anti_hebbian,4.0,4.0,6.0,geometric,12.275895,79.166664
anti_hebbian,4.0,4.0,6.0,none,14.753986,76.5625
anti_hebbian,4.0,4.0,7.0,geometric,17.756311,83.92857
anti_hebbian,4.0,4.0,7.0,none,20.557373000000002,88.39286
anti_hebbian,4.0,4.0,8.0,geometric,33.741572999999995,82.8125
anti_hebbian,4.0,4.0,8.0,none,28.494864,78.515625
anti_hebbian,4.0,4.0,9.0,geometric,32.494873,81.59722
anti_hebbian,4.0,4.0,9.0,none,47.781624,87.15278
anti_hebbian,4.0,4.0,10.0,geometric,79.68549,85.625
anti_hebbian,4.0,4.0,10.0,none,42.229504,89.375
anti_hebbian,4.0,4.0,11.0,geometric,79.8452,80.681816
anti_hebbian,4.0,4.0,11.0,none,64.78485,78.693184
anti_hebbian,4.0,4.0,12.0,geometric,57.467888,76.822914
anti_hebbian,4.0,4.0,12.0,none,46.667313,83.854164
anti_hebbian,4.0,4.0,13.0,geometric,49.351803000000004,81.25
anti_hebbian,4.0,4.0,13.0,none,74.023605,76.68269000000001
anti_hebbian,4.0,4.0,14.0,geometric,64.55671,78.57143
anti_hebbian,4.0,4.0,14.0,none,74.653755,83.03571
anti_hebbian,4.0,4.0,15.0,geometric,102.18049,82.083336
anti_hebbian,4.0,4.0,15.0,none,104.82848,83.125
anti_hebbian,4.0,4.0,16.0,geometric,212.6956,86.91405999999999
anti_hebbian,4.0,4.0,16.0,none,97.354034,77.734375
anti_hebbian,4.0,4.0,17.0,geometric,81.39658,76.65441
anti_hebbian,4.0,4.0,17.0,none,144.08345,83.45588000000001
anti_hebbian,4.0,4.0,18.0,geometric,166.83268999999999,74.13194
anti_hebbian,4.0,4.0,18.0,none,133.37773,81.770836
anti_hebbian,4.0,4.0,19.0,geometric,130.62779,79.44079
anti_hebbian,4.0,4.0,19.0,none,141.87896999999998,82.23684
anti_hebbian,4.0,4.0,20.0,geometric,168.52252,77.65625
anti_hebbian,4.0,4.0,20.0,none,323.16675,74.375
anti_hebbian,4.0,4.0,21.0,geometric,145.86158999999998,80.059525
anti_hebbian,4.0,4.0,21.0,none,204.80188,82.7381
anti_hebbian,4.0,4.0,22.0,geometric,193.73055,73.579544
anti_hebbian,4.0,4.0,22.0,none,242.51417999999998,83.23864
anti_hebbian,4.0,4.0,23.0,geometric,503.30432,92.25543
anti_hebbian,4.0,4.0,23.0,none,179.05186,78.66848
anti_hebbian,4.0,4.0,24.0,geometric,339.83163,80.20833250000001
anti_hebbian,4.0,4.0,24.0,none,274.80321436548223,80.11579945685281
anti_hebbian,4.0,5.0,4.0,geometric,8.977808,70.625
anti_hebbian,4.0,5.0,4.0,none,8.651749,74.375
anti_hebbian,4.0,5.0,5.0,geometric,29.880764000000003,78.5
anti_hebbian,4.0,5.0,5.0,none,12.910936999999999,86.5
anti_hebbian,4.0,5.0,6.0,geometric,31.641046999999997,72.083336
anti_hebbian,4.0,5.0,6.0,none,30.791044,78.333336
anti_hebbian,4.0,5.0,7.0,geometric,36.544224,83.92857
anti_hebbian,4.0,5.0,7.0,none,14.073326999999999,86.42857
anti_hebbian,4.0,5.0,8.0,geometric,19.622177,86.25
anti_hebbian,4.0,5.0,8.0,none,35.342859999999995,77.1875
anti_hebbian,4.0,5.0,9.0,geometric,65.17090999999999,78.333336
anti_hebbian,4.0,5.0,9.0,none,54.545806999999996,74.166664
anti_hebbian,4.0,5.0,10.0,geometric,38.16662,74.0
anti_hebbian,4.0,5.0,10.0,none,57.53256999999999,86.0
anti_hebbian,4.0,5.0,11.0,geometric,85.251976,79.318184
anti_hebbian,4.0,5.0,11.0,none,53.860535,84.545456
anti_hebbian,4.0,5.0,12.0,geometric,101.859505,71.041664
anti_hebbian,4.0,5.0,12.0,none,111.53408,82.083336
anti_hebbian,4.0,5.0,13.0,geometric,64.46600000000001,82.69230999999999
anti_hebbian,4.0,5.0,13.0,none,52.3965,84.42308
anti_hebbian,4.0,5.0,14.0,geometric,78.65593,79.82143
anti_hebbian,4.0,5.0,14.0,none,147.97952,86.07143
anti_hebbian,4.0,5.0,15.0,geometric,206.85902,87.0
anti_hebbian,4.0,5.0,15.0,none,144.73315,85.666664
anti_hebbian,4.0,5.0,16.0,geometric,254.8559,84.0625
anti_hebbian,4.0,5.0,16.0,none,180.40453,79.6875
anti_hebbian,4.0,5.0,17.0,geometric,161.50188,77.64706
anti_hebbian,4.0,5.0,17.0,none,288.60147,82.20588000000001
anti_hebbian,4.0,5.0,18.0,geometric,118.68131000000001,79.166664
anti_hebbian,4.0,5.0,18.0,none,279.5698,81.25
anti_hebbian,4.0,5.0,19.0,geometric,314.48287999999997,79.07895
anti_hebbian,4.0,5.0,19.0,none,173.4631,77.89474
anti_hebbian,4.0,5.0,20.0,geometric,184.98546000000002,73.125
anti_hebbian,4.0,5.0,20.0,none,253.40804,72.875
anti_hebbian,4.0,5.0,21.0,geometric,225.73743,78.57143
anti_hebbian,4.0,5.0,21.0,none,247.66064,80.0
anti_hebbian,4.0,5.0,22.0,geometric,326.83176000000003,75.22726999999999
anti_hebbian,4.0,5.0,22.0,none,257.68143,86.36364
anti_hebbian,4.0,5.0,23.0,geometric,407.9549,88.152176
anti_hebbian,4.0,5.0,23.0,none,309.98654,81.521736
anti_hebbian,4.0,6.0,4.0,geometric,11.483585,71.875
anti_hebbian,4.0,6.0,4.0,none,10.999568,83.333336
anti_hebbian,4.0,6.0,5.0,geometric,16.510056,77.5
anti_hebbian,4.0,6.0,5.0,none,19.640179,79.583336
anti_hebbian,4.0,6.0,6.0,geometric,36.961075,71.18056
anti_hebbian,4.0,6.0,6.0,none,27.750840000000004,87.5
anti_hebbian,4.0,6.0,7.0,geometric,33.599486999999996,73.5119
anti_hebbian,4.0,6.0,7.0,none,27.781540000000003,86.90476
anti_hebbian,4.0,6.0,8.0,geometric,23.659657,82.291664
anti_hebbian,4.0,6.0,8.0,none,44.450626,80.208336
anti_hebbian,4.0,6.0,9.0,geometric,54.506240000000005,86.111115
anti_hebbian,4.0,6.0,9.0,none,72.127686,81.48148
anti_hebbian,4.0,6.0,10.0,geometric,121.44129,73.958336
anti_hebbian,4.0,6.0,10.0,none,70.40803000000001,86.458336
anti_hebbian,4.0,6.0,11.0,geometric,92.581856,84.09091
anti_hebbian,4.0,6.0,11.0,none,103.92217,76.893936
anti_hebbian,4.0,6.0,12.0,geometric,68.294815,75.520836
anti_hebbian,4.0,6.0,12.0,none,138.50905,80.55556
anti_hebbian,4.0,6.0,13.0,geometric,135.21375,82.69230999999999
anti_hebbian,4.0,6.0,13.0,none,142.53557,80.76923000000001
anti_hebbian,4.0,6.0,14.0,geometric,169.50516000000002,77.82738
anti_hebbian,4.0,6.0,14.0,none,196.12036,87.05357
anti_hebbian,4.0,6.0,15.0,geometric,131.26366000000002,79.02778
anti_hebbian,4.0,6.0,15.0,none,125.055824,80.97222
anti_hebbian,4.0,6.0,16.0,geometric,138.17801,77.99479000000001
anti_hebbian,4.0,6.0,16.0,none,197.00412,82.8125
anti_hebbian,4.0,6.0,17.0,geometric,166.49118,81.37255
anti_hebbian,4.0,6.0,17.0,none,226.54577999999998,74.87745
anti_hebbian,4.0,6.0,18.0,geometric,259.12,78.00926
anti_hebbian,4.0,6.0,18.0,none,170.67944,80.55556
anti_hebbian,4.0,6.0,19.0,geometric,321.30984,78.399124
anti_hebbian,4.0,6.0,19.0,none,285.31448,79.49561
anti_hebbian,4.0,6.0,20.0,geometric,302.03267999999997,76.354164
anti_hebbian,4.0,6.0,20.0,none,237.52603,81.354164
anti_hebbian,4.0,6.0,21.0,geometric,478.7785,81.64683000000001
anti_hebbian,4.0,6.0,21.0,none,282.72507,80.65476
anti_hebbian,4.0,6.0,22.0,geometric,432.63125999999994,76.60985
anti_hebbian,4.0,6.0,22.0,none,7367.5874,76.041664
anti_hebbian,4.0,6.0,23.0,geometric,342.76004,77.71739000000001
anti_hebbian,4.0,6.0,23.0,none,430.74503,74.184784
anti_hebbian,4.0,7.0,4.0,geometric,17.073647,75.44643
anti_hebbian,4.0,7.0,4.0,none,14.244801999999998,82.14286
anti_hebbian,4.0,7.0,5.0,geometric,18.412123,79.64286
anti_hebbian,4.0,7.0,5.0,none,28.132434999999997,81.07143
anti_hebbian,4.0,7.0,6.0,geometric,24.324272,83.03571
anti_hebbian,4.0,7.0,6.0,none,44.526509999999995,76.4881
anti_hebbian,4.0,7.0,7.0,geometric,28.966944,78.57143
anti_hebbian,4.0,7.0,7.0,none,31.019133,81.37755
anti_hebbian,4.0,7.0,8.0,geometric,70.69216,76.78571
anti_hebbian,4.0,7.0,8.0,none,36.56861,79.01786
anti_hebbian,4.0,7.0,9.0,geometric,78.08299,80.35714
anti_hebbian,4.0,7.0,9.0,none,74.10271999999999,80.75397
anti_hebbian,4.0,7.0,10.0,geometric,93.28428000000001,79.82143
anti_hebbian,4.0,7.0,10.0,none,82.70114000000001,73.57143
anti_hebbian,4.0,7.0,11.0,geometric,68.43033,79.545456
anti_hebbian,4.0,7.0,11.0,none,87.53566,82.954544
anti_hebbian,4.0,7.0,12.0,geometric,119.889145,79.6131
anti_hebbian,4.0,7.0,12.0,none,106.05033,78.72024
anti_hebbian,4.0,7.0,13.0,geometric,150.12515,84.34066
anti_hebbian,4.0,7.0,13.0,none,259.62134,79.39560999999999
anti_hebbian,4.0,7.0,14.0,geometric,203.77646000000001,79.20918
anti_hebbian,4.0,7.0,14.0,none,104.88833000000001,82.39796
anti_hebbian,4.0,7.0,15.0,geometric,140.31038,82.02381
anti_hebbian,4.0,7.0,15.0,none,167.2029,85.95238
anti_hebbian,4.0,7.0,16.0,geometric,292.48607999999996,80.02232
anti_hebbian,4.0,7.0,16.0,none,273.21283,82.8125
anti_hebbian,4.0,7.0,17.0,geometric,182.04183999999998,80.14706
anti_hebbian,4.0,7.0,17.0,none,371.43199999999996,80.2521
anti_hebbian,4.0,7.0,18.0,geometric,222.48862000000003,79.06746
anti_hebbian,4.0,7.0,18.0,none,264.68997,85.81349
anti_hebbian,4.0,7.0,19.0,geometric,372.1158,80.54511
anti_hebbian,4.0,7.0,19.0,none,288.064,82.23684
anti_hebbian,4.0,7.0,20.0,geometric,490.95822000000004,77.67857
anti_hebbian,4.0,7.0,20.0,none,385.26883,78.125
anti_hebbian,4.0,7.0,21.0,geometric,433.92657,76.190475
anti_hebbian,4.0,7.0,21.0,none,437.31882,83.07823
anti_hebbian,4.0,7.0,22.0,geometric,413.4481,73.376625
anti_hebbian,4.0,7.0,22.0,none,383.42199999999997,78.49025999999999
anti_hebbian,4.0,7.0,23.0,geometric,659.1922,81.4441
anti_hebbian,4.0,7.0,23.0,none,364.8776,86.490685
anti_hebbian,4.0,8.0,4.0,geometric,23.898048,84.375
anti_hebbian,4.0,8.0,4.0,none,14.095663,77.34375
anti_hebbian,4.0,8.0,5.0,geometric,36.019257,80.625
anti_hebbian,4.0,8.0,5.0,none,26.355096999999997,79.375
anti_hebbian,4.0,8.0,6.0,geometric,31.123741,86.458336
anti_hebbian,4.0,8.0,6.0,none,28.095413,72.65625
anti_hebbian,4.0,8.0,7.0,geometric,40.299988,73.66071
anti_hebbian,4.0,8.0,7.0,none,49.027786,72.54464
anti_hebbian,4.0,8.0,8.0,geometric,51.257690000000004,77.92969000000001
anti_hebbian,4.0,8.0,8.0,none,91.210625,82.8125
anti_hebbian,4.0,8.0,9.0,geometric,68.75551999999999,75.0
anti_hebbian,4.0,8.0,9.0,none,117.61137,80.03472
anti_hebbian,4.0,8.0,10.0,geometric,73.77528000000001,79.84375
anti_hebbian,4.0,8.0,10.0,none,87.07598,73.59375
anti_hebbian,4.0,8.0,11.0,geometric,129.15416000000002,75.85226999999999
anti_hebbian,4.0,8.0,11.0,none,115.70181000000001,82.52841
anti_hebbian,4.0,8.0,12.0,geometric,140.92014,80.33854000000001
anti_hebbian,4.0,8.0,12.0,none,137.8489,83.72395999999999
anti_hebbian,4.0,8.0,13.0,geometric,144.29622,82.33173000000001
anti_hebbian,4.0,8.0,13.0,none,93.88625,84.73558
anti_hebbian,4.0,8.0,14.0,geometric,174.87773,83.92857
anti_hebbian,4.0,8.0,14.0,none,120.84544,81.25
anti_hebbian,4.0,8.0,15.0,geometric,198.56028999999998,82.604164
anti_hebbian,4.0,8.0,15.0,none,247.85902000000002,79.166664
anti_hebbian,4.0,8.0,16.0,geometric,300.742,73.33984
anti_hebbian,4.0,8.0,16.0,none,305.15463,75.390625
anti_hebbian,4.0,8.0,17.0,geometric,266.7681,80.23897
anti_hebbian,4.0,8.0,17.0,none,261.03567999999996,83.180145
anti_hebbian,4.0,24.0,4.0,geometric,70.52372299999999,78.059898
anti_hebbian,4.0,24.0,4.0,none,60.294726,79.101562
anti_hebbian,4.0,24.0,24.0,geometric,2255.7962500000003,79.82856
anti_hebbian,4.0,24.0,24.0,none,1906.3386,80.240885
anti_hebbian,24.0,4.0,4.0,geometric,52.797081,79.36197999999999
anti_hebbian,24.0,4.0,4.0,none,65.1405755,79.23177000000001
anti_hebbian,24.0,4.0,24.0,geometric,2466.9462999999996,80.566405
anti_hebbian,24.0,4.0,24.0,none,1897.09505,78.7000875
anti_hebbian,24.0,24.0,4.0,geometric,443.4085,79.51388750000001
anti_hebbian,24.0,24.0,4.0,none,431.40903,78.342013
anti_hebbian,24.0,24.0,24.0,geometric,19239.6755,80.10887
anti_hebbian,24.0,24.0,24.0,none,14501.906500000001,80.54470500000001
hebbian,4.0,4.0,4.0,geometric,9.291769166666667,79.16666666666667
hebbian,4.0,4.0,4.0,none,8.355820019191919,78.63399621212122
hebbian,4.0,4.0,5.0,geometric,9.926604,70.625
hebbian,4.0,4.0,5.0,none,11.797134,79.375
hebbian,4.0,4.0,6.0,geometric,19.681435,77.083336
hebbian,4.0,4.0,6.0,none,33.844124,72.916664
hebbian,4.0,4.0,7.0,geometric,38.0775,75.89286
hebbian,4.0,4.0,7.0,none,21.448975,84.375
hebbian,4.0,4.0,8.0,geometric,19.969279999999998,83.984375
hebbian,4.0,4.0,8.0,none,26.583997999999998,78.515625
hebbian,4.0,4.0,9.0,geometric,58.873940000000005,79.513885
hebbian,4.0,4.0,9.0,none,28.513077000000003,76.736115
hebbian,4.0,4.0,10.0,geometric,50.147682,81.875
hebbian,4.0,4.0,10.0,none,32.49112,82.5
hebbian,4.0,4.0,11.0,geometric,44.125282,77.556816
hebbian,4.0,4.0,11.0,none,50.37522,82.38636
hebbian,4.0,4.0,12.0,geometric,48.16518,82.8125
hebbian,4.0,4.0,12.0,none,71.441185,69.270836
hebbian,4.0,4.0,13.0,geometric,86.14164,76.68269000000001
hebbian,4.0,4.0,13.0,none,188.81332,86.29808
hebbian,4.0,4.0,14.0,geometric,111.93678,77.00893
hebbian,4.0,4.0,14.0,none,122.4784,83.03571
hebbian,4.0,4.0,15.0,geometric,67.11801,80.208336
hebbian,4.0,4.0,15.0,none,96.22895,81.666664
hebbian,4.0,4.0,16.0,geometric,138.24598999999998,84.765625
hebbian,4.0,4.0,16.0,none,107.20846599999999,72.46094000000001
hebbian,4.0,4.0,17.0,geometric,135.83231999999998,83.63971
hebbian,4.0,4.0,17.0,none,74.999275,80.51471
hebbian,4.0,4.0,18.0,geometric,188.0314,71.875
hebbian,4.0,4.0,18.0,none,148.28957,79.166664
hebbian,4.0,4.0,19.0,geometric,218.4203,85.197365
hebbian,4.0,4.0,19.0,none,132.93791000000002,84.375
hebbian,4.0,4.0,20.0,geometric,142.10721,85.625
hebbian,4.0,4.0,20.0,none,165.48238,79.375
hebbian,4.0,4.0,21.0,geometric,270.62523999999996,86.60714
hebbian,4.0,4.0,21.0,none,177.72799999999998,77.083336
hebbian,4.0,4.0,22.0,geometric,161.536,80.11364
hebbian,4.0,4.0,22.0,none,135.5958,75.568184
hebbian,4.0,4.0,23.0,geometric,186.95528000000002,83.016304
hebbian,4.0,4.0,23.0,none,181.51917,72.28260999999999
hebbian,4.0,4.0,24.0,geometric,345.269485,80.92447999999999
hebbian,4.0,4.0,24.0,none,270.29656385786785,79.95386525380708
hebbian,4.0,5.0,4.0,geometric,12.438261,73.125
hebbian,4.0,5.0,4.0,none,10.531958,85.0
hebbian,4.0,5.0,5.0,geometric,23.138405,85.5
hebbian,4.0,5.0,5.0,none,16.172216,77.0
hebbian,4.0,5.0,6.0,geometric,23.696379999999998,77.5
hebbian,4.0,5.0,6.0,none,25.311224,76.25
hebbian,4.0,5.0,7.0,geometric,25.333578,82.5
hebbian,4.0,5.0,7.0,none,31.66886,77.5
hebbian,4.0,5.0,8.0,geometric,42.924942,79.6875
hebbian,4.0,5.0,8.0,none,44.36957,85.9375
hebbian,4.0,5.0,9.0,geometric,74.06579599999999,82.77778
hebbian,4.0,5.0,9.0,none,66.74191,76.94444
hebbian,4.0,5.0,10.0,geometric,61.219765,80.75
hebbian,4.0,5.0,10.0,none,70.59251,87.0
hebbian,4.0,5.0,11.0,geometric,137.59894,83.86364
hebbian,4.0,5.0,11.0,none,58.98543000000001,81.818184
hebbian,4.0,5.0,12.0,geometric,82.00435,78.125
hebbian,4.0,5.0,12.0,none,84.294365,70.0
hebbian,4.0,5.0,13.0,geometric,159.57788,78.65385
hebbian,4.0,5.0,13.0,none,148.46408,80.96154
hebbian,4.0,5.0,14.0,geometric,141.71295,77.14286
hebbian,4.0,5.0,14.0,none,96.210075,79.10714
hebbian,4.0,5.0,15.0,geometric,155.14516,86.0
hebbian,4.0,5.0,15.0,none,141.97427,82.166664
hebbian,4.0,5.0,16.0,geometric,85.04905,82.5
hebbian,4.0,5.0,16.0,none,168.07228,72.03125
hebbian,4.0,5.0,17.0,geometric,196.89009,81.47059
hebbian,4.0,5.0,17.0,none,248.96558,76.32353
hebbian,4.0,5.0,18.0,geometric,170.78862,84.166664
hebbian,4.0,5.0,18.0,none,191.51657,73.47222
hebbian,4.0,5.0,19.0,geometric,266.30875,79.07895
hebbian,4.0,5.0,19.0,none,235.37953,78.1579
hebbian,4.0,5.0,20.0,geometric,229.718,76.0
hebbian,4.0,5.0,20.0,none,247.5858,84.125
hebbian,4.0,5.0,21.0,geometric,220.24528999999998,80.2381
hebbian,4.0,5.0,21.0,none,323.56607,83.92857
hebbian,4.0,5.0,22.0,geometric,211.55872999999997,84.204544
hebbian,4.0,5.0,22.0,none,239.04783999999998,76.818184
hebbian,4.0,5.0,23.0,geometric,299.09143,76.95652
hebbian,4.0,5.0,23.0,none,409.7155,80.434784
hebbian,4.0,6.0,4.0,geometric,15.835165,73.4375
hebbian,4.0,6.0,4.0,none,17.261201999999997,74.479164
hebbian,4.0,6.0,5.0,geometric,23.111849,76.666664
hebbian,4.0,6.0,5.0,none,22.843854999999998,80.416664
hebbian,4.0,6.0,6.0,geometric,29.721357,73.263885
hebbian,4.0,6.0,6.0,none,23.849215,73.263885
hebbian,4.0,6.0,7.0,geometric,38.88286,77.67857
hebbian,4.0,6.0,7.0,none,43.719425,73.21429
hebbian,4.0,6.0,8.0,geometric,80.49338,82.03125
hebbian,4.0,6.0,8.0,none,51.231026,76.302086
hebbian,4.0,6.0,9.0,geometric,43.969254,76.15741
hebbian,4.0,6.0,9.0,none,53.097007999999995,82.87037
hebbian,4.0,6.0,10.0,geometric,112.99495,78.541664
hebbian,4.0,6.0,10.0,none,82.04388,79.375
hebbian,4.0,6.0,11.0,geometric,81.30294,76.32576
hebbian,4.0,6.0,11.0,none,72.64511,79.92424
hebbian,4.0,6.0,12.0,geometric,148.70761000000002,73.78472
hebbian,4.0,6.0,12.0,none,86.55286,84.72222
hebbian,4.0,6.0,13.0,geometric,114.19241000000001,70.51281999999999
hebbian,4.0,6.0,13.0,none,109.287254,79.80769000000001
hebbian,4.0,6.0,14.0,geometric,154.99573999999998,81.99405
hebbian,4.0,6.0,14.0,none,224.71466,79.166664
hebbian,4.0,6.0,15.0,geometric,154.28441,66.25
hebbian,4.0,6.0,15.0,none,137.54997,80.416664
hebbian,4.0,6.0,16.0,geometric,332.8793,69.66145999999999
hebbian,4.0,6.0,16.0,none,234.53267000000002,69.66145999999999
hebbian,4.0,6.0,17.0,geometric,147.30362,76.47059
hebbian,4.0,6.0,17.0,none,182.93225,84.55882
hebbian,4.0,6.0,18.0,geometric,289.43784,84.375
hebbian,4.0,6.0,18.0,none,307.92606,78.00926
hebbian,4.0,6.0,19.0,geometric,228.25822000000002,82.12719
hebbian,4.0,6.0,19.0,none,266.73287999999997,72.916664
hebbian,4.0,6.0,20.0,geometric,220.49303999999998,82.604164
hebbian,4.0,6.0,20.0,none,343.52603,83.541664
hebbian,4.0,6.0,21.0,geometric,350.2431,78.968254
hebbian,4.0,6.0,21.0,none,292.28314,79.06746
hebbian,4.0,6.0,22.0,geometric,384.09415,83.23864
hebbian,4.0,6.0,22.0,none,351.60983,74.33712
hebbian,4.0,6.0,23.0,geometric,433.84085,82.246376
hebbian,4.0,6.0,23.0,none,412.05242999999996,86.141304
hebbian,4.0,7.0,4.0,geometric,12.994105000000001,83.48214
hebbian,4.0,7.0,4.0,none,17.968603,73.66071
hebbian,4.0,7.0,5.0,geometric,22.388485,83.21429
hebbian,4.0,7.0,5.0,none,23.056948000000002,83.57143
hebbian,4.0,7.0,6.0,geometric,20.770452,76.78571
hebbian,4.0,7.0,6.0,none,42.8795,80.059525
hebbian,4.0,7.0,7.0,geometric,29.27719,74.4898
hebbian,4.0,7.0,7.0,none,33.095757,78.31633000000001
hebbian,4.0,7.0,8.0,geometric,48.455463,87.05357
hebbian,4.0,7.0,8.0,none,90.54788,72.99107
hebbian,4.0,7.0,9.0,geometric,53.248830000000005,81.94444
hebbian,4.0,7.0,9.0,none,79.44256,87.5
hebbian,4.0,7.0,10.0,geometric,124.490524,81.42857
hebbian,4.0,7.0,10.0,none,72.60686,78.57143
hebbian,4.0,7.0,11.0,geometric,110.42686499999999,84.09091
hebbian,4.0,7.0,11.0,none,87.18809,78.57143
hebbian,4.0,7.0,12.0,geometric,97.915474,90.625
hebbian,4.0,7.0,12.0,none,159.21577,79.166664
hebbian,4.0,7.0,13.0,geometric,87.62505,82.14286
hebbian,4.0,7.0,13.0,none,135.41437,75.96154
hebbian,4.0,7.0,14.0,geometric,173.2735,75.765305
hebbian,4.0,7.0,14.0,none,155.12688,81.12245
hebbian,4.0,7.0,15.0,geometric,154.65695,87.85714
hebbian,4.0,7.0,15.0,none,263.48087000000004,82.97619
hebbian,4.0,7.0,16.0,geometric,253.96791000000002,81.13839
hebbian,4.0,7.0,16.0,none,161.87077,77.34375
hebbian,4.0,7.0,17.0,geometric,257.5899,75.73529
hebbian,4.0,7.0,17.0,none,286.9989,79.62185
hebbian,4.0,7.0,18.0,geometric,235.24257999999998,78.968254
hebbian,4.0,7.0,18.0,none,225.38773999999998,75.0
hebbian,4.0,7.0,19.0,geometric,211.18819,85.52631
hebbian,4.0,7.0,19.0,none,289.72144,76.2218
hebbian,4.0,7.0,20.0,geometric,358.32437000000004,83.66071
hebbian,4.0,7.0,20.0,none,419.80987999999996,86.33929
hebbian,4.0,7.0,21.0,geometric,373.24487,75.93536999999999
hebbian,4.0,7.0,21.0,none,393.12366000000003,86.309525
hebbian,4.0,7.0,22.0,geometric,373.87115,77.516235
hebbian,4.0,7.0,22.0,none,580.09796,84.25325
hebbian,4.0,7.0,23.0,geometric,595.7735,80.35714
hebbian,4.0,7.0,23.0,none,381.17297,79.42546999999999
hebbian,4.0,8.0,4.0,geometric,23.940159,78.125
hebbian,4.0,8.0,4.0,none,27.697628,78.90625
hebbian,4.0,8.0,5.0,geometric,24.819143,84.375
hebbian,4.0,8.0,5.0,none,35.409733,80.625
hebbian,4.0,8.0,6.0,geometric,42.596709999999995,73.958336
hebbian,4.0,8.0,6.0,none,41.973183,80.989586
hebbian,4.0,8.0,7.0,geometric,49.37117,76.78571
hebbian,4.0,8.0,7.0,none,53.201243999999996,79.46429
hebbian,4.0,8.0,8.0,geometric,120.30266599999999,80.078125
hebbian,4.0,8.0,8.0,none,86.76249,72.85155999999999
hebbian,4.0,8.0,9.0,geometric,70.79912,81.423615
hebbian,4.0,8.0,9.0,none,82.80114,71.52778
hebbian,4.0,8.0,10.0,geometric,96.54933,80.625
hebbian,4.0,8.0,10.0,none,90.69678499999999,75.78125
hebbian,4.0,8.0,11.0,geometric,109.39388000000001,82.52841
hebbian,4.0,8.0,11.0,none,109.86289,81.107956
hebbian,4.0,8.0,12.0,geometric,164.02872,77.083336
hebbian,4.0,8.0,12.0,none,196.31429,73.697914
hebbian,4.0,8.0,13.0,geometric,205.23805,85.33654
hebbian,4.0,8.0,13.0,none,199.16539,80.40865
hebbian,4.0,8.0,14.0,geometric,246.7994,81.80804
hebbian,4.0,8.0,14.0,none,229.942,79.35268
hebbian,4.0,8.0,15.0,geometric,187.82883999999999,82.916664
hebbian,4.0,8.0,15.0,none,265.98242,83.645836
hebbian,4.0,8.0,16.0,geometric,317.58008,71.484375
hebbian,4.0,8.0,16.0,none,212.01442000000003,81.25
hebbian,4.0,8.0,17.0,geometric,236.41655,78.492645
hebbian,4.0,8.0,17.0,none,275.41138,83.27206
hebbian,4.0,24.0,4.0,geometric,58.840748000000005,77.60416500000001
hebbian,4.0,24.0,4.0,none,66.47028,73.632813
hebbian,4.0,24.0,24.0,geometric,2134.0167,78.29861
hebbian,4.0,24.0,24.0,none,2218.77985,80.078125
hebbian,24.0,4.0,4.0,geometric,66.2149885,79.427086
hebbian,24.0,4.0,4.0,none,79.277318,74.414062
hebbian,24.0,4.0,24.0,geometric,2186.4723,77.17013750000001
hebbian,24.0,4.0,24.0,none,2383.7622,80.002172
hebbian,24.0,24.0,4.0,geometric,495.90288000000004,77.560765
hebbian,24.0,24.0,4.0,none,458.42017,76.3997425
hebbian,24.0,24.0,24.0,geometric,17816.2585,79.43793199999999
hebbian,24.0,24.0,24.0,none,14846.953999999998,79.494
random_walk,4.0,4.0,4.0,geometric,9.336139333333334,76.82291666666667
random_walk,4.0,4.0,4.0,none,8.40602794646465,78.98516414141415
random_walk,4.0,4.0,5.0,geometric,16.623299,88.75
random_walk,4.0,4.0,5.0,none,7.465053999999999,82.5
random_walk,4.0,4.0,6.0,geometric,25.912823,72.395836
random_walk,4.0,4.0,6.0,none,15.191653,78.645836
random_walk,4.0,4.0,7.0,geometric,29.488604,74.55357
random_walk,4.0,4.0,7.0,none,26.70628,79.46429
random_walk,4.0,4.0,8.0,geometric,23.973942,74.21875
random_walk,4.0,4.0,8.0,none,12.595329,75.390625
random_walk,4.0,4.0,9.0,geometric,34.13365,86.458336
random_walk,4.0,4.0,9.0,none,62.703880000000005,75.69444
random_walk,4.0,4.0,10.0,geometric,35.788906,69.0625
random_walk,4.0,4.0,10.0,none,43.408783,85.9375
random_walk,4.0,4.0,11.0,geometric,65.41676,73.86364
random_walk,4.0,4.0,11.0,none,69.02038,81.53409
random_walk,4.0,4.0,12.0,geometric,130.91705,86.197914
random_walk,4.0,4.0,12.0,none,97.66594,72.395836
random_walk,4.0,4.0,13.0,geometric,92.32091,73.79808
random_walk,4.0,4.0,13.0,none,126.228485,76.92308
random_walk,4.0,4.0,14.0,geometric,95.50855,72.09821
random_walk,4.0,4.0,14.0,none,89.6126,83.03571
random_walk,4.0,4.0,15.0,geometric,104.9307,76.25
random_walk,4.0,4.0,15.0,none,96.857445,81.25
random_walk,4.0,4.0,16.0,geometric,158.8835,77.14844000000001
random_walk,4.0,4.0,16.0,none,150.73225,75.78125
random_walk,4.0,4.0,17.0,geometric,212.95914,86.39706
random_walk,4.0,4.0,17.0,none,114.49999,79.04411999999999
random_walk,4.0,4.0,18.0,geometric,174.88484,69.44444
random_walk,4.0,4.0,18.0,none,155.74617,74.826385
random_walk,4.0,4.0,19.0,geometric,136.92006999999998,72.86184
random_walk,4.0,4.0,19.0,none,148.0113,74.67105
random_walk,4.0,4.0,20.0,geometric,199.45885,81.875
random_walk,4.0,4.0,20.0,none,191.40888999999999,71.40625
random_walk,4.0,4.0,21.0,geometric,248.51192999999998,83.333336
random_walk,4.0,4.0,21.0,none,220.58983999999998,84.82143
random_walk,4.0,4.0,22.0,geometric,309.99454,77.41476999999999
random_walk,4.0,4.0,22.0,none,342.0678,88.21023000000001
random_walk,4.0,4.0,23.0,geometric,273.82782000000003,86.820656
random_walk,4.0,4.0,23.0,none,345.9708,73.777176
random_walk,4.0,4.0,24.0,geometric,189.08711499999998,73.828125
random_walk,4.0,4.0,24.0,none,275.2566749999999,79.78219707575755
random_walk,4.0,5.0,4.0,geometric,13.039434,79.375
random_walk,4.0,5.0,4.0,none,10.701429,78.125
random_walk,4.0,5.0,5.0,geometric,12.280114,78.5
random_walk,4.0,5.0,5.0,none,19.126022,65.5
random_walk,4.0,5.0,6.0,geometric,29.155006,69.166664
random_walk,4.0,5.0,6.0,none,26.123601999999998,74.166664
random_walk,4.0,5.0,7.0,geometric,36.879329999999996,87.5
random_walk,4.0,5.0,7.0,none,46.530590000000004,80.35714
random_walk,4.0,5.0,8.0,geometric,55.97829399999999,76.875
random_walk,4.0,5.0,8.0,none,38.793556,75.3125
random_walk,4.0,5.0,9.0,geometric,41.719227000000004,83.611115
random_walk,4.0,5.0,9.0,none,48.280163,77.5
random_walk,4.0,5.0,10.0,geometric,42.753,76.5
random_walk,4.0,5.0,10.0,none,40.682453,80.25
random_walk,4.0,5.0,11.0,geometric,93.95359,76.59091
random_walk,4.0,5.0,11.0,none,77.07987,82.045456
random_walk,4.0,5.0,12.0,geometric,100.82994000000001,82.083336
random_walk,4.0,5.0,12.0,none,66.14317,73.75
random_walk,4.0,5.0,13.0,geometric,115.21282,78.46154
random_walk,4.0,5.0,13.0,none,133.3533,78.84615
random_walk,4.0,5.0,14.0,geometric,134.77261000000001,76.96429
random_walk,4.0,5.0,14.0,none,131.46175,81.07143
random_walk,4.0,5.0,15.0,geometric,143.07475,87.166664
random_walk,4.0,5.0,15.0,none,118.34143,87.166664
random_walk,4.0,5.0,16.0,geometric,161.00296,81.40625
random_walk,4.0,5.0,16.0,none,284.3382,77.03125
random_walk,4.0,5.0,17.0,geometric,151.95975,83.82353
random_walk,4.0,5.0,17.0,none,214.85092000000003,76.911766
random_walk,4.0,5.0,18.0,geometric,210.44759,73.611115
random_walk,4.0,5.0,18.0,none,222.70838999999998,83.75
random_walk,4.0,5.0,19.0,geometric,289.90836,75.6579
random_walk,4.0,5.0,19.0,none,157.71468000000002,78.947365
random_walk,4.0,5.0,20.0,geometric,171.6587,88.25
random_walk,4.0,5.0,20.0,none,277.028,80.125
random_walk,4.0,5.0,21.0,geometric,178.10887,83.45238
random_walk,4.0,5.0,21.0,none,283.8064,78.809525
random_walk,4.0,5.0,22.0,geometric,322.9911,85.568184
random_walk,4.0,5.0,22.0,none,404.65497,85.681816
random_walk,4.0,5.0,23.0,geometric,400.20596,78.804344
random_walk,4.0,5.0,23.0,none,484.7325,81.521736
random_walk,4.0,6.0,4.0,geometric,14.005427,83.854164
random_walk,4.0,6.0,4.0,none,15.309003,79.166664
random_walk,4.0,6.0,5.0,geometric,14.108301,78.333336
random_walk,4.0,6.0,5.0,none,18.948645000000003,76.25
random_walk,4.0,6.0,6.0,geometric,30.295057,80.55556
random_walk,4.0,6.0,6.0,none,38.59635,76.041664
random_walk,4.0,6.0,7.0,geometric,27.521266999999998,79.166664
random_walk,4.0,6.0,7.0,none,21.251226000000003,74.10714
random_walk,4.0,6.0,8.0,geometric,51.351856,67.708336
random_walk,4.0,6.0,8.0,none,37.532416999999995,74.21875
random_walk,4.0,6.0,9.0,geometric,59.562332,76.388885
random_walk,4.0,6.0,9.0,none,85.9398,80.78704
random_walk,4.0,6.0,10.0,geometric,96.08832,76.875
random_walk,4.0,6.0,10.0,none,73.49027,77.708336
random_walk,4.0,6.0,11.0,geometric,134.6452,83.90151
random_walk,4.0,6.0,11.0,none,84.80464,82.57576
random_walk,4.0,6.0,12.0,geometric,102.52353000000001,82.291664
random_walk,4.0,6.0,12.0,none,104.91258,73.611115
random_walk,4.0,6.0,13.0,geometric,109.98521000000001,72.75641
random_walk,4.0,6.0,13.0,none,149.65186,68.26923000000001
random_walk,4.0,6.0,14.0,geometric,119.28227,78.72024
random_walk,4.0,6.0,14.0,none,158.48993000000002,83.03571
random_walk,4.0,6.0,15.0,geometric,92.56713,75.97222
random_walk,4.0,6.0,15.0,none,231.70285,84.166664
random_walk,4.0,6.0,16.0,geometric,182.25568,78.77604000000001
random_walk,4.0,6.0,16.0,none,218.60881,81.38020999999999
random_walk,4.0,6.0,17.0,geometric,178.82256,85.416664
random_walk,4.0,6.0,17.0,none,163.76613,76.71568
random_walk,4.0,6.0,18.0,geometric,222.33086,84.25926
random_walk,4.0,6.0,18.0,none,224.16531,75.46296
random_walk,4.0,6.0,19.0,geometric,205.26973,77.302635
random_walk,4.0,6.0,19.0,none,260.24102999999997,78.50877
random_walk,4.0,6.0,20.0,geometric,282.15088,84.375
random_walk,4.0,6.0,20.0,none,301.4033,78.854164
random_walk,4.0,6.0,21.0,geometric,221.61907999999997,74.007935
random_walk,4.0,6.0,21.0,none,308.88525,81.54762
random_walk,4.0,6.0,22.0,geometric,329.6376,82.291664
random_walk,4.0,6.0,22.0,none,348.25023999999996,75.94697
random_walk,4.0,6.0,23.0,geometric,351.6648,80.16304000000001
random_walk,4.0,6.0,23.0,none,394.469,73.36957
random_walk,4.0,7.0,4.0,geometric,15.151395,79.46429
random_walk,4.0,7.0,4.0,none,14.64988,79.46429
random_walk,4.0,7.0,5.0,geometric,27.758129999999998,83.21429
random_walk,4.0,7.0,5.0,none,31.234543,71.07143
random_walk,4.0,7.0,6.0,geometric,57.672394,81.54762
random_walk,4.0,7.0,6.0,none,32.240772,81.25
random_walk,4.0,7.0,7.0,geometric,82.004524,78.061226
random_walk,4.0,7.0,7.0,none,29.124772999999998,84.18366999999999
random_walk,4.0,7.0,8.0,geometric,45.789229999999996,78.125
random_walk,4.0,7.0,8.0,none,51.09825,77.67857
random_walk,4.0,7.0,9.0,geometric,51.408382,75.0
random_walk,4.0,7.0,9.0,none,50.276863,70.2381
random_walk,4.0,7.0,10.0,geometric,60.284530000000004,77.5
random_walk,4.0,7.0,10.0,none,93.873856,81.25
random_walk,4.0,7.0,11.0,geometric,110.88861999999999,83.44156
random_walk,4.0,7.0,11.0,none,159.86201,80.681816
random_walk,4.0,7.0,12.0,geometric,51.939175,80.65476
random_walk,4.0,7.0,12.0,none,113.46203600000001,79.7619
random_walk,4.0,7.0,13.0,geometric,163.71707,81.18132
random_walk,4.0,7.0,13.0,none,177.34932,85.98901
random_walk,4.0,7.0,14.0,geometric,236.26782000000003,82.908165
random_walk,4.0,7.0,14.0,none,325.81476000000004,80.22959
random_walk,4.0,7.0,15.0,geometric,204.80848999999998,83.92857
random_walk,4.0,7.0,15.0,none,145.39073,80.0
random_walk,4.0,7.0,16.0,geometric,140.46046,78.23661
random_walk,4.0,7.0,16.0,none,222.45357,79.57589
random_walk,4.0,7.0,17.0,geometric,286.67087000000004,80.67227
random_walk,4.0,7.0,17.0,none,339.39148,78.466385
random_walk,4.0,7.0,18.0,geometric,332.91702000000004,79.6627
random_walk,4.0,7.0,18.0,none,179.13481000000002,85.11905
random_walk,4.0,7.0,19.0,geometric,328.66927999999996,75.75188
random_walk,4.0,7.0,19.0,none,310.3958,81.109024
random_walk,4.0,7.0,20.0,geometric,304.89896,77.85714
random_walk,4.0,7.0,20.0,none,255.35702999999998,76.07143
random_walk,4.0,7.0,21.0,geometric,462.31557999999995,82.39796
random_walk,4.0,7.0,21.0,none,315.22656,84.35374499999999
random_walk,4.0,7.0,22.0,geometric,407.84662000000003,76.623375
random_walk,4.0,7.0,22.0,none,562.8523,79.38311999999999
random_walk,4.0,7.0,23.0,geometric,438.23712,78.804344
random_walk,4.0,7.0,23.0,none,1161.8007,80.82298
random_walk,4.0,8.0,4.0,geometric,13.388197,84.765625
random_walk,4.0,8.0,4.0,none,15.793192000000001,84.765625
random_walk,4.0,8.0,5.0,geometric,20.324759,73.125
random_walk,4.0,8.0,5.0,none,41.590343,76.875
random_walk,4.0,8.0,6.0,geometric,26.061815,73.177086
random_walk,4.0,8.0,6.0,none,58.971237,86.458336
random_walk,4.0,8.0,7.0,geometric,72.72659,81.91964
random_walk,4.0,8.0,7.0,none,44.474182,85.04464
random_walk,4.0,8.0,8.0,geometric,61.776875,79.296875
random_walk,4.0,8.0,8.0,none,80.185974,79.10155999999999
random_walk,4.0,8.0,9.0,geometric,112.40302,80.03472
random_walk,4.0,8.0,9.0,none,75.56893000000001,79.166664
random_walk,4.0,8.0,10.0,geometric,123.03033,80.15625
random_walk,4.0,8.0,10.0,none,93.07725,80.15625
random_walk,4.0,8.0,11.0,geometric,143.06238000000002,81.25
random_walk,4.0,8.0,11.0,none,133.52618,78.97726999999999
random_walk,4.0,8.0,12.0,geometric,162.45564,77.21354000000001
random_walk,4.0,8.0,12.0,none,137.71613,74.479164
random_walk,4.0,8.0,13.0,geometric,173.59106,70.79326999999999
random_walk,4.0,8.0,13.0,none,132.01004,88.34135
random_walk,4.0,8.0,14.0,geometric,196.31868,81.36161
random_walk,4.0,8.0,14.0,none,275.39153999999996,80.69196
random_walk,4.0,8.0,15.0,geometric,201.90848,85.729164
random_walk,4.0,8.0,15.0,none,185.34856000000002,79.479164
random_walk,4.0,8.0,16.0,geometric,186.81656999999998,73.63280999999999
random_walk,4.0,8.0,16.0,none,212.89404,77.24609
random_walk,4.0,24.0,4.0,geometric,55.956936999999996,77.99479000000001
random_walk,4.0,24.0,4.0,none,55.49171,79.101563
random_walk,4.0,24.0,24.0,geometric,1985.2311,79.04731
random_walk,4.0,24.0,24.0,none,2783.94895,79.188368
random_walk,24.0,4.0,4.0,geometric,56.66212850000001,74.609375
random_walk,24.0,4.0,4.0,none,74.503702,78.190102
random_walk,24.0,4.0,24.0,geometric,2121.03345,80.490452
random_walk,24.0,4.0,24.0,none,2392.20445,79.253472
random_walk,24.0,24.0,4.0,geometric,474.20232,77.00738
random_walk,24.0,24.0,4.0,none,459.12644,78.125
random_walk,24.0,24.0,24.0,geometric,14964.619,80.1468475
random_walk,24.0,24.0,24.0,none,14719.6545,79.390915
